{
  "model_name": "bert-base-cased",
  "num_labels": 9,
  "label_mapping": {
    "O": 0,
    "B-PER": 1,
    "I-PER": 2,
    "B-ORG": 3,
    "I-ORG": 4,
    "B-LOC": 5,
    "I-LOC": 6,
    "B-MISC": 7,
    "I-MISC": 8
  },
  "training_samples": 110,
  "validation_samples": 28,
  "eval_results": {
    "eval_loss": 0.7546795606613159,
    "eval_accuracy": 0.9025767094600746,
    "eval_runtime": 0.4092,
    "eval_samples_per_second": 68.426,
    "eval_steps_per_second": 4.888,
    "epoch": 3.0
  },
  "model_save_path": "c:\\Users\\User\\Workspace\\work_practice\\interview\\toptal\\take-home-assignment\\files\\bert_ner_finetuned",
  "training_config": {
    "learning_rate": 2e-05,
    "batch_size": 16,
    "effective_batch_size": 32,
    "epochs": 3,
    "warmup_steps": 1,
    "fp16": true
  }
}